{

	"host" : "location-uploads.coxl8wirabtc.us-west-1.rds.amazonaws.com",
	"user" : "administrador",
	"password" : "anal_geografico_2018",
	"db" : "db_location_uploads",
	"max_insert_batch" : 10000,
	"log_location" : "publisher.log",
	"json_location" : "location_uploads/static/location_uploads/jsons/",
	"sleep_time" : 3600,
	"survey_urls" : ["http://localhost:8000/location_uploads/survey","http://0.0.0.0:8000/location_uploads/survey"],
	"json_urls" : ["http://localhost:8000/location_uploads/jsons","http://0.0.0.0:8000/location_uploads/jsons"],
	"table_names" : {"surveys" : "survey_dev", "locations" : "locations_dev", "summary" : "summary_dev"}

}
